"","ST_NAME","YEAR","Critical.reading.score","Mathematics.score","Writing.score","TAKING.SAT...","MONTH","fatalities","drunk"
"1","Alabama",2015,557,551,543,6,1,58,15
"2","Alabama",2015,557,551,543,6,2,38,10
"3","Alabama",2015,557,551,543,6,3,70,22
"4","Alabama",2015,557,551,543,6,4,74,19
"5","Alabama",2015,557,551,543,6,5,75,17
"6","Alabama",2015,557,551,543,6,6,66,20
"7","Alabama",2015,557,551,543,6,7,77,17
"8","Alabama",2015,557,551,543,6,8,79,20
"9","Alabama",2015,557,551,543,6,9,78,23
"10","Alabama",2015,557,551,543,6,10,85,24
"11","Alabama",2015,557,551,543,6,11,70,19
"12","Alabama",2015,557,551,543,6,12,79,14
"13","Alaska",2015,485,479,460,52,1,2,0
"14","Alaska",2015,485,479,460,52,2,2,2
"15","Alaska",2015,485,479,460,52,3,4,1
"16","Alaska",2015,485,479,460,52,4,8,5
"17","Alaska",2015,485,479,460,52,5,7,3
"18","Alaska",2015,485,479,460,52,6,5,2
"19","Alaska",2015,485,479,460,52,7,11,3
"20","Alaska",2015,485,479,460,52,8,5,1
"21","Alaska",2015,485,479,460,52,9,4,1
"22","Alaska",2015,485,479,460,52,10,6,3
"23","Alaska",2015,485,479,460,52,11,4,1
"24","Alaska",2015,485,479,460,52,12,7,2
"25","Arizona",2015,528,532,505,34,1,71,24
"26","Arizona",2015,528,532,505,34,2,69,13
"27","Arizona",2015,528,532,505,34,3,84,35
"28","Arizona",2015,528,532,505,34,4,64,16
"29","Arizona",2015,528,532,505,34,5,85,28
"30","Arizona",2015,528,532,505,34,6,81,13
"31","Arizona",2015,528,532,505,34,7,77,18
"32","Arizona",2015,528,532,505,34,8,76,18
"33","Arizona",2015,528,532,505,34,9,64,12
"34","Arizona",2015,528,532,505,34,10,76,21
"35","Arizona",2015,528,532,505,34,11,80,27
"36","Arizona",2015,528,532,505,34,12,66,15
"37","Arkansas",2015,570,569,553,4,1,30,4
"38","Arkansas",2015,570,569,553,4,2,44,8
"39","Arkansas",2015,570,569,553,4,3,42,13
"40","Arkansas",2015,570,569,553,4,4,38,8
"41","Arkansas",2015,570,569,553,4,5,40,14
"42","Arkansas",2015,570,569,553,4,6,45,11
"43","Arkansas",2015,570,569,553,4,7,50,9
"44","Arkansas",2015,570,569,553,4,8,60,17
"45","Arkansas",2015,570,569,553,4,9,41,11
"46","Arkansas",2015,570,569,553,4,10,50,9
"47","Arkansas",2015,570,569,553,4,11,55,19
"48","Arkansas",2015,570,569,553,4,12,36,5
"49","California",2015,491,500,485,60,1,235,53
"50","California",2015,491,500,485,60,2,252,68
"51","California",2015,491,500,485,60,3,273,60
"52","California",2015,491,500,485,60,4,285,73
"53","California",2015,491,500,485,60,5,258,87
"54","California",2015,491,500,485,60,6,267,66
"55","California",2015,491,500,485,60,7,276,56
"56","California",2015,491,500,485,60,8,283,79
"57","California",2015,491,500,485,60,9,242,56
"58","California",2015,491,500,485,60,10,278,51
"59","California",2015,491,500,485,60,11,256,46
"60","California",2015,491,500,485,60,12,271,55
"61","Colorado",2015,587,589,571,12,1,51,13
"62","Colorado",2015,587,589,571,12,2,32,4
"63","Colorado",2015,587,589,571,12,3,39,19
"64","Colorado",2015,587,589,571,12,4,51,18
"65","Colorado",2015,587,589,571,12,5,40,11
"66","Colorado",2015,587,589,571,12,6,46,19
"67","Colorado",2015,587,589,571,12,7,48,17
"68","Colorado",2015,587,589,571,12,8,51,23
"69","Colorado",2015,587,589,571,12,9,78,19
"70","Colorado",2015,587,589,571,12,10,47,14
"71","Colorado",2015,587,589,571,12,11,32,11
"72","Colorado",2015,587,589,571,12,12,31,8
"73","Connecticut",2015,500,500,497,89,1,15,4
"74","Connecticut",2015,500,500,497,89,2,18,5
"75","Connecticut",2015,500,500,497,89,3,16,6
"76","Connecticut",2015,500,500,497,89,4,18,5
"77","Connecticut",2015,500,500,497,89,5,29,9
"78","Connecticut",2015,500,500,497,89,6,19,12
"79","Connecticut",2015,500,500,497,89,7,21,4
"80","Connecticut",2015,500,500,497,89,8,29,8
"81","Connecticut",2015,500,500,497,89,9,26,9
"82","Connecticut",2015,500,500,497,89,10,28,11
"83","Connecticut",2015,500,500,497,89,11,30,12
"84","Connecticut",2015,500,500,497,89,12,17,9
"85","Delaware",2015,458,453,440,100,1,9,3
"86","Delaware",2015,458,453,440,100,2,7,2
"87","Delaware",2015,458,453,440,100,3,9,3
"88","Delaware",2015,458,453,440,100,4,3,1
"89","Delaware",2015,458,453,440,100,5,9,5
"90","Delaware",2015,458,453,440,100,6,10,3
"91","Delaware",2015,458,453,440,100,7,16,6
"92","Delaware",2015,458,453,440,100,8,12,1
"93","Delaware",2015,458,453,440,100,9,14,5
"94","Delaware",2015,458,453,440,100,10,16,5
"95","Delaware",2015,458,453,440,100,11,14,2
"96","Delaware",2015,458,453,440,100,12,7,2
"97","District_of_Columbia",2015,433,433,419,100,1,1,0
"98","District_of_Columbia",2015,433,433,419,100,2,1,0
"99","District_of_Columbia",2015,433,433,419,100,3,1,1
"100","District_of_Columbia",2015,433,433,419,100,4,2,0
"101","District_of_Columbia",2015,433,433,419,100,6,4,0
"102","District_of_Columbia",2015,433,433,419,100,7,4,3
"103","District_of_Columbia",2015,433,433,419,100,8,1,0
"104","District_of_Columbia",2015,433,433,419,100,9,2,0
"105","District_of_Columbia",2015,433,433,419,100,10,3,0
"106","District_of_Columbia",2015,433,433,419,100,11,2,1
"107","District_of_Columbia",2015,433,433,419,100,12,2,0
"108","Florida",2015,481,475,462,74,1,256,45
"109","Florida",2015,481,475,462,74,2,180,49
"110","Florida",2015,481,475,462,74,3,242,56
"111","Florida",2015,481,475,462,74,4,228,67
"112","Florida",2015,481,475,462,74,5,251,71
"113","Florida",2015,481,475,462,74,6,245,45
"114","Florida",2015,481,475,462,74,7,239,49
"115","Florida",2015,481,475,462,74,8,237,60
"116","Florida",2015,481,475,462,74,9,230,49
"117","Florida",2015,481,475,462,74,10,258,41
"118","Florida",2015,481,475,462,74,11,258,44
"119","Florida",2015,481,475,462,74,12,315,58
"120","Georgia",2015,493,490,476,77,1,107,20
"121","Georgia",2015,493,490,476,77,2,104,33
"122","Georgia",2015,493,490,476,77,3,125,28
"123","Georgia",2015,493,490,476,77,4,126,20
"124","Georgia",2015,493,490,476,77,5,111,27
"125","Georgia",2015,493,490,476,77,6,125,27
"126","Georgia",2015,493,490,476,77,7,103,27
"127","Georgia",2015,493,490,476,77,8,104,16
"128","Georgia",2015,493,490,476,77,9,137,31
"129","Georgia",2015,493,490,476,77,10,143,29
"130","Georgia",2015,493,490,476,77,11,109,23
"131","Georgia",2015,493,490,476,77,12,136,23
"132","Hawaii",2015,491,511,476,61,1,12,1
"133","Hawaii",2015,491,511,476,61,2,5,1
"134","Hawaii",2015,491,511,476,61,3,6,1
"135","Hawaii",2015,491,511,476,61,4,5,0
"136","Hawaii",2015,491,511,476,61,5,9,3
"137","Hawaii",2015,491,511,476,61,6,13,5
"138","Hawaii",2015,491,511,476,61,7,7,2
"139","Hawaii",2015,491,511,476,61,8,6,3
"140","Hawaii",2015,491,511,476,61,9,11,2
"141","Hawaii",2015,491,511,476,61,10,5,2
"142","Hawaii",2015,491,511,476,61,11,7,3
"143","Hawaii",2015,491,511,476,61,12,8,3
"144","Idaho",2015,465,453,446,100,1,6,2
"145","Idaho",2015,465,453,446,100,2,10,6
"146","Idaho",2015,465,453,446,100,3,18,9
"147","Idaho",2015,465,453,446,100,4,10,2
"148","Idaho",2015,465,453,446,100,5,17,3
"149","Idaho",2015,465,453,446,100,6,28,9
"150","Idaho",2015,465,453,446,100,7,31,12
"151","Idaho",2015,465,453,446,100,8,22,7
"152","Idaho",2015,465,453,446,100,9,24,8
"153","Idaho",2015,465,453,446,100,10,20,8
"154","Idaho",2015,465,453,446,100,11,16,4
"155","Idaho",2015,465,453,446,100,12,14,2
"156","Illinois",2015,605,622,592,4,1,53,20
"157","Illinois",2015,605,622,592,4,2,49,12
"158","Illinois",2015,605,622,592,4,3,70,20
"159","Illinois",2015,605,622,592,4,4,81,27
"160","Illinois",2015,605,622,592,4,5,96,26
"161","Illinois",2015,605,622,592,4,6,104,25
"162","Illinois",2015,605,622,592,4,7,94,29
"163","Illinois",2015,605,622,592,4,8,101,36
"164","Illinois",2015,605,622,592,4,9,85,19
"165","Illinois",2015,605,622,592,4,10,87,22
"166","Illinois",2015,605,622,592,4,11,74,23
"167","Illinois",2015,605,622,592,4,12,104,31
"168","Indiana",2015,496,499,477,71,1,60,14
"169","Indiana",2015,496,499,477,71,2,49,8
"170","Indiana",2015,496,499,477,71,3,50,11
"171","Indiana",2015,496,499,477,71,4,64,13
"172","Indiana",2015,496,499,477,71,5,76,14
"173","Indiana",2015,496,499,477,71,6,83,11
"174","Indiana",2015,496,499,477,71,7,76,13
"175","Indiana",2015,496,499,477,71,8,72,18
"176","Indiana",2015,496,499,477,71,9,82,14
"177","Indiana",2015,496,499,477,71,10,94,11
"178","Indiana",2015,496,499,477,71,11,54,8
"179","Indiana",2015,496,499,477,71,12,61,11
"180","Iowa",2015,602,611,572,3,1,18,6
"181","Iowa",2015,602,611,572,3,2,18,4
"182","Iowa",2015,602,611,572,3,3,19,7
"183","Iowa",2015,602,611,572,3,4,31,10
"184","Iowa",2015,602,611,572,3,5,25,11
"185","Iowa",2015,602,611,572,3,6,25,8
"186","Iowa",2015,602,611,572,3,7,33,8
"187","Iowa",2015,602,611,572,3,8,51,6
"188","Iowa",2015,602,611,572,3,9,29,3
"189","Iowa",2015,602,611,572,3,10,24,5
"190","Iowa",2015,602,611,572,3,11,23,8
"191","Iowa",2015,602,611,572,3,12,24,4
"192","Kansas",2015,594,604,571,5,1,23,6
"193","Kansas",2015,594,604,571,5,2,25,6
"194","Kansas",2015,594,604,571,5,3,24,8
"195","Kansas",2015,594,604,571,5,4,24,7
"196","Kansas",2015,594,604,571,5,5,26,4
"197","Kansas",2015,594,604,571,5,6,26,4
"198","Kansas",2015,594,604,571,5,7,32,2
"199","Kansas",2015,594,604,571,5,8,36,6
"200","Kansas",2015,594,604,571,5,9,40,11
"201","Kansas",2015,594,604,571,5,10,36,6
"202","Kansas",2015,594,604,571,5,11,37,8
"203","Kansas",2015,594,604,571,5,12,26,4
"204","Kentucky",2015,604,599,586,4,1,75,17
"205","Kentucky",2015,604,599,586,4,2,33,13
"206","Kentucky",2015,604,599,586,4,3,63,8
"207","Kentucky",2015,604,599,586,4,4,29,6
"208","Kentucky",2015,604,599,586,4,5,68,21
"209","Kentucky",2015,604,599,586,4,6,65,16
"210","Kentucky",2015,604,599,586,4,7,72,21
"211","Kentucky",2015,604,599,586,4,8,77,24
"212","Kentucky",2015,604,599,586,4,9,61,14
"213","Kentucky",2015,604,599,586,4,10,85,20
"214","Kentucky",2015,604,599,586,4,11,60,13
"215","Kentucky",2015,604,599,586,4,12,73,23
"216","Louisiana",2015,584,577,571,5,1,58,29
"217","Louisiana",2015,584,577,571,5,2,49,19
"218","Louisiana",2015,584,577,571,5,3,60,25
"219","Louisiana",2015,584,577,571,5,4,61,19
"220","Louisiana",2015,584,577,571,5,5,66,25
"221","Louisiana",2015,584,577,571,5,6,39,8
"222","Louisiana",2015,584,577,571,5,7,74,26
"223","Louisiana",2015,584,577,571,5,8,71,29
"224","Louisiana",2015,584,577,571,5,9,61,15
"225","Louisiana",2015,584,577,571,5,10,68,20
"226","Louisiana",2015,584,577,571,5,11,60,18
"227","Louisiana",2015,584,577,571,5,12,59,15
"228","Maine",2015,486,485,472,96,1,10,5
"229","Maine",2015,486,485,472,96,2,4,0
"230","Maine",2015,486,485,472,96,3,7,3
"231","Maine",2015,486,485,472,96,4,3,0
"232","Maine",2015,486,485,472,96,5,18,9
"233","Maine",2015,486,485,472,96,6,10,5
"234","Maine",2015,486,485,472,96,7,19,10
"235","Maine",2015,486,485,472,96,8,24,13
"236","Maine",2015,486,485,472,96,9,17,9
"237","Maine",2015,486,485,472,96,10,10,6
"238","Maine",2015,486,485,472,96,11,18,10
"239","Maine",2015,486,485,472,96,12,16,6
"240","Maryland",2015,490,490,476,79,1,32,7
"241","Maryland",2015,490,490,476,79,2,18,5
"242","Maryland",2015,490,490,476,79,3,42,15
"243","Maryland",2015,490,490,476,79,4,49,17
"244","Maryland",2015,490,490,476,79,5,51,18
"245","Maryland",2015,490,490,476,79,6,42,16
"246","Maryland",2015,490,490,476,79,7,30,11
"247","Maryland",2015,490,490,476,79,8,51,15
"248","Maryland",2015,490,490,476,79,9,54,12
"249","Maryland",2015,490,490,476,79,10,47,12
"250","Maryland",2015,490,490,476,79,11,44,10
"251","Maryland",2015,490,490,476,79,12,53,13
"252","Massachusetts",2015,517,530,506,86,1,23,10
"253","Massachusetts",2015,517,530,506,86,2,15,1
"254","Massachusetts",2015,517,530,506,86,3,17,3
"255","Massachusetts",2015,517,530,506,86,4,29,8
"256","Massachusetts",2015,517,530,506,86,5,27,7
"257","Massachusetts",2015,517,530,506,86,6,31,5
"258","Massachusetts",2015,517,530,506,86,7,37,15
"259","Massachusetts",2015,517,530,506,86,8,24,4
"260","Massachusetts",2015,517,530,506,86,9,23,4
"261","Massachusetts",2015,517,530,506,86,10,32,4
"262","Massachusetts",2015,517,530,506,86,11,27,6
"263","Massachusetts",2015,517,530,506,86,12,21,3
"264","Michigan",2015,594,608,581,4,1,67,12
"265","Michigan",2015,594,608,581,4,2,43,12
"266","Michigan",2015,594,608,581,4,3,48,10
"267","Michigan",2015,594,608,581,4,4,58,21
"268","Michigan",2015,594,608,581,4,5,82,24
"269","Michigan",2015,594,608,581,4,6,102,29
"270","Michigan",2015,594,608,581,4,7,118,36
"271","Michigan",2015,594,608,581,4,8,114,31
"272","Michigan",2015,594,608,581,4,9,82,24
"273","Michigan",2015,594,608,581,4,10,85,30
"274","Michigan",2015,594,608,581,4,11,88,18
"275","Michigan",2015,594,608,581,4,12,76,12
"276","Minnesota",2015,607,620,588,5,1,14,2
"277","Minnesota",2015,607,620,588,5,2,19,7
"278","Minnesota",2015,607,620,588,5,3,31,15
"279","Minnesota",2015,607,620,588,5,4,36,15
"280","Minnesota",2015,607,620,588,5,5,40,11
"281","Minnesota",2015,607,620,588,5,6,46,20
"282","Minnesota",2015,607,620,588,5,7,37,10
"283","Minnesota",2015,607,620,588,5,8,38,13
"284","Minnesota",2015,607,620,588,5,9,41,10
"285","Minnesota",2015,607,620,588,5,10,41,10
"286","Minnesota",2015,607,620,588,5,11,32,7
"287","Minnesota",2015,607,620,588,5,12,36,5
"288","Mississippi",2015,595,584,585,3,1,28,8
"289","Mississippi",2015,595,584,585,3,2,69,11
"290","Mississippi",2015,595,584,585,3,3,46,5
"291","Mississippi",2015,595,584,585,3,4,50,3
"292","Mississippi",2015,595,584,585,3,5,68,16
"293","Mississippi",2015,595,584,585,3,6,37,9
"294","Mississippi",2015,595,584,585,3,7,64,16
"295","Mississippi",2015,595,584,585,3,8,70,19
"296","Mississippi",2015,595,584,585,3,9,62,8
"297","Mississippi",2015,595,584,585,3,10,72,14
"298","Mississippi",2015,595,584,585,3,11,62,9
"299","Mississippi",2015,595,584,585,3,12,49,8
"300","Missouri",2015,605,608,589,4,1,66,27
"301","Missouri",2015,605,608,589,4,2,42,15
"302","Missouri",2015,605,608,589,4,3,60,14
"303","Missouri",2015,605,608,589,4,4,73,19
"304","Missouri",2015,605,608,589,4,5,64,15
"305","Missouri",2015,605,608,589,4,6,80,20
"306","Missouri",2015,605,608,589,4,7,78,18
"307","Missouri",2015,605,608,589,4,8,92,23
"308","Missouri",2015,605,608,589,4,9,68,18
"309","Missouri",2015,605,608,589,4,10,92,16
"310","Missouri",2015,605,608,589,4,11,85,13
"311","Missouri",2015,605,608,589,4,12,69,17
"312","Montana",2015,565,557,539,15,1,5,2
"313","Montana",2015,565,557,539,15,2,5,3
"314","Montana",2015,565,557,539,15,3,13,5
"315","Montana",2015,565,557,539,15,4,11,9
"316","Montana",2015,565,557,539,15,5,16,8
"317","Montana",2015,565,557,539,15,6,22,11
"318","Montana",2015,565,557,539,15,7,36,13
"319","Montana",2015,565,557,539,15,8,40,18
"320","Montana",2015,565,557,539,15,9,25,7
"321","Montana",2015,565,557,539,15,10,20,10
"322","Montana",2015,565,557,539,15,11,16,3
"323","Montana",2015,565,557,539,15,12,15,4
"324","Nebraska",2015,590,595,573,4,1,22,5
"325","Nebraska",2015,590,595,573,4,2,12,0
"326","Nebraska",2015,590,595,573,4,3,28,9
"327","Nebraska",2015,590,595,573,4,4,18,6
"328","Nebraska",2015,590,595,573,4,5,19,5
"329","Nebraska",2015,590,595,573,4,6,13,4
"330","Nebraska",2015,590,595,573,4,7,23,12
"331","Nebraska",2015,590,595,573,4,8,18,4
"332","Nebraska",2015,590,595,573,4,9,21,6
"333","Nebraska",2015,590,595,573,4,10,24,9
"334","Nebraska",2015,590,595,573,4,11,26,7
"335","Nebraska",2015,590,595,573,4,12,22,4
"336","Nevada",2015,511,509,488,50,1,27,9
"337","Nevada",2015,511,509,488,50,2,22,1
"338","Nevada",2015,511,509,488,50,3,22,9
"339","Nevada",2015,511,509,488,50,4,27,11
"340","Nevada",2015,511,509,488,50,5,22,7
"341","Nevada",2015,511,509,488,50,6,27,7
"342","Nevada",2015,511,509,488,50,7,25,7
"343","Nevada",2015,511,509,488,50,8,22,5
"344","Nevada",2015,511,509,488,50,9,28,10
"345","Nevada",2015,511,509,488,50,10,36,13
"346","Nevada",2015,511,509,488,50,11,36,9
"347","Nevada",2015,511,509,488,50,12,31,10
"348","New_Hampshire",2015,527,531,510,70,1,6,1
"349","New_Hampshire",2015,527,531,510,70,2,6,0
"350","New_Hampshire",2015,527,531,510,70,3,4,0
"351","New_Hampshire",2015,527,531,510,70,4,4,1
"352","New_Hampshire",2015,527,531,510,70,5,15,9
"353","New_Hampshire",2015,527,531,510,70,6,5,1
"354","New_Hampshire",2015,527,531,510,70,7,17,4
"355","New_Hampshire",2015,527,531,510,70,8,10,5
"356","New_Hampshire",2015,527,531,510,70,9,12,4
"357","New_Hampshire",2015,527,531,510,70,10,11,2
"358","New_Hampshire",2015,527,531,510,70,11,9,6
"359","New_Hampshire",2015,527,531,510,70,12,15,0
"360","New_Jersey",2015,495,514,492,81,1,41,4
"361","New_Jersey",2015,495,514,492,81,2,37,4
"362","New_Jersey",2015,495,514,492,81,3,40,1
"363","New_Jersey",2015,495,514,492,81,4,30,5
"364","New_Jersey",2015,495,514,492,81,5,50,13
"365","New_Jersey",2015,495,514,492,81,6,55,9
"366","New_Jersey",2015,495,514,492,81,7,46,7
"367","New_Jersey",2015,495,514,492,81,8,45,9
"368","New_Jersey",2015,495,514,492,81,9,57,9
"369","New_Jersey",2015,495,514,492,81,10,45,9
"370","New_Jersey",2015,495,514,492,81,11,53,11
"371","New_Jersey",2015,495,514,492,81,12,63,12
"372","New_Mexico",2015,553,545,525,12,1,16,9
"373","New_Mexico",2015,553,545,525,12,2,17,4
"374","New_Mexico",2015,553,545,525,12,3,30,9
"375","New_Mexico",2015,553,545,525,12,4,18,6
"376","New_Mexico",2015,553,545,525,12,5,19,3
"377","New_Mexico",2015,553,545,525,12,6,32,12
"378","New_Mexico",2015,553,545,525,12,7,27,8
"379","New_Mexico",2015,553,545,525,12,8,25,6
"380","New_Mexico",2015,553,545,525,12,9,29,6
"381","New_Mexico",2015,553,545,525,12,10,25,5
"382","New_Mexico",2015,553,545,525,12,11,29,12
"383","New_Mexico",2015,553,545,525,12,12,31,4
"384","New_York",2015,489,501,477,75,1,99,13
"385","New_York",2015,489,501,477,75,2,50,5
"386","New_York",2015,489,501,477,75,3,51,12
"387","New_York",2015,489,501,477,75,4,74,15
"388","New_York",2015,489,501,477,75,5,128,29
"389","New_York",2015,489,501,477,75,6,79,19
"390","New_York",2015,489,501,477,75,7,117,22
"391","New_York",2015,489,501,477,75,8,125,31
"392","New_York",2015,489,501,477,75,9,97,19
"393","New_York",2015,489,501,477,75,10,113,20
"394","New_York",2015,489,501,477,75,11,93,22
"395","New_York",2015,489,501,477,75,12,95,17
"396","North_Carolina",2015,502,508,475,63,1,99,23
"397","North_Carolina",2015,502,508,475,63,2,77,23
"398","North_Carolina",2015,502,508,475,63,3,84,32
"399","North_Carolina",2015,502,508,475,63,4,112,30
"400","North_Carolina",2015,502,508,475,63,5,145,45
"401","North_Carolina",2015,502,508,475,63,6,117,41
"402","North_Carolina",2015,502,508,475,63,7,134,35
"403","North_Carolina",2015,502,508,475,63,8,118,32
"404","North_Carolina",2015,502,508,475,63,9,139,34
"405","North_Carolina",2015,502,508,475,63,10,110,32
"406","North_Carolina",2015,502,508,475,63,11,123,33
"407","North_Carolina",2015,502,508,475,63,12,121,39
"408","North_Dakota",2015,585,594,560,2,1,8,3
"409","North_Dakota",2015,585,594,560,2,2,7,3
"410","North_Dakota",2015,585,594,560,2,3,12,2
"411","North_Dakota",2015,585,594,560,2,4,7,4
"412","North_Dakota",2015,585,594,560,2,5,12,6
"413","North_Dakota",2015,585,594,560,2,6,12,4
"414","North_Dakota",2015,585,594,560,2,7,16,5
"415","North_Dakota",2015,585,594,560,2,8,18,6
"416","North_Dakota",2015,585,594,560,2,9,11,9
"417","North_Dakota",2015,585,594,560,2,10,8,1
"418","North_Dakota",2015,585,594,560,2,11,10,2
"419","North_Dakota",2015,585,594,560,2,12,10,6
"420","Ohio",2015,556,563,534,14,1,84,25
"421","Ohio",2015,556,563,534,14,2,79,22
"422","Ohio",2015,556,563,534,14,3,57,13
"423","Ohio",2015,556,563,534,14,4,65,17
"424","Ohio",2015,556,563,534,14,5,109,36
"425","Ohio",2015,556,563,534,14,6,100,41
"426","Ohio",2015,556,563,534,14,7,97,26
"427","Ohio",2015,556,563,534,14,8,139,44
"428","Ohio",2015,556,563,534,14,9,98,28
"429","Ohio",2015,556,563,534,14,10,110,30
"430","Ohio",2015,556,563,534,14,11,78,25
"431","Ohio",2015,556,563,534,14,12,94,25
"432","Oklahoma",2015,582,573,553,4,1,64,21
"433","Oklahoma",2015,582,573,553,4,2,30,13
"434","Oklahoma",2015,582,573,553,4,3,47,14
"435","Oklahoma",2015,582,573,553,4,4,44,10
"436","Oklahoma",2015,582,573,553,4,5,53,13
"437","Oklahoma",2015,582,573,553,4,6,67,16
"438","Oklahoma",2015,582,573,553,4,7,75,12
"439","Oklahoma",2015,582,573,553,4,8,55,17
"440","Oklahoma",2015,582,573,553,4,9,57,13
"441","Oklahoma",2015,582,573,553,4,10,49,11
"442","Oklahoma",2015,582,573,553,4,11,54,12
"443","Oklahoma",2015,582,573,553,4,12,48,11
"444","Oregon",2015,525,520,500,47,1,37,7
"445","Oregon",2015,525,520,500,47,2,32,6
"446","Oregon",2015,525,520,500,47,3,24,7
"447","Oregon",2015,525,520,500,47,4,43,13
"448","Oregon",2015,525,520,500,47,5,35,14
"449","Oregon",2015,525,520,500,47,6,39,17
"450","Oregon",2015,525,520,500,47,7,46,22
"451","Oregon",2015,525,520,500,47,8,35,15
"452","Oregon",2015,525,520,500,47,9,46,14
"453","Oregon",2015,525,520,500,47,10,25,9
"454","Oregon",2015,525,520,500,47,11,39,17
"455","Oregon",2015,525,520,500,47,12,46,12
"456","Pennsylvania",2015,500,506,481,71,1,87,19
"457","Pennsylvania",2015,500,506,481,71,2,71,16
"458","Pennsylvania",2015,500,506,481,71,3,73,14
"459","Pennsylvania",2015,500,506,481,71,4,81,24
"460","Pennsylvania",2015,500,506,481,71,5,120,34
"461","Pennsylvania",2015,500,506,481,71,6,98,26
"462","Pennsylvania",2015,500,506,481,71,7,120,37
"463","Pennsylvania",2015,500,506,481,71,8,123,44
"464","Pennsylvania",2015,500,506,481,71,9,108,23
"465","Pennsylvania",2015,500,506,481,71,10,109,35
"466","Pennsylvania",2015,500,506,481,71,11,117,35
"467","Pennsylvania",2015,500,506,481,71,12,93,30
"468","Rhode_Island",2015,490,491,480,77,1,3,2
"469","Rhode_Island",2015,490,491,480,77,3,4,2
"470","Rhode_Island",2015,490,491,480,77,4,3,2
"471","Rhode_Island",2015,490,491,480,77,5,6,1
"472","Rhode_Island",2015,490,491,480,77,6,4,3
"473","Rhode_Island",2015,490,491,480,77,7,4,2
"474","Rhode_Island",2015,490,491,480,77,8,4,1
"475","Rhode_Island",2015,490,491,480,77,9,3,1
"476","Rhode_Island",2015,490,491,480,77,10,3,1
"477","Rhode_Island",2015,490,491,480,77,11,5,1
"478","Rhode_Island",2015,490,491,480,77,12,6,2
"479","South_Carolina",2015,494,493,471,65,1,71,20
"480","South_Carolina",2015,494,493,471,65,2,67,21
"481","South_Carolina",2015,494,493,471,65,3,88,27
"482","South_Carolina",2015,494,493,471,65,4,80,29
"483","South_Carolina",2015,494,493,471,65,5,76,25
"484","South_Carolina",2015,494,493,471,65,6,80,27
"485","South_Carolina",2015,494,493,471,65,7,92,29
"486","South_Carolina",2015,494,493,471,65,8,83,29
"487","South_Carolina",2015,494,493,471,65,9,67,18
"488","South_Carolina",2015,494,493,471,65,10,119,33
"489","South_Carolina",2015,494,493,471,65,11,81,17
"490","South_Carolina",2015,494,493,471,65,12,73,22
"491","South_Dakota",2015,586,581,558,3,1,7,3
"492","South_Dakota",2015,586,581,558,3,2,3,1
"493","South_Dakota",2015,586,581,558,3,3,8,4
"494","South_Dakota",2015,586,581,558,3,4,7,2
"495","South_Dakota",2015,586,581,558,3,5,11,5
"496","South_Dakota",2015,586,581,558,3,6,8,2
"497","South_Dakota",2015,586,581,558,3,7,18,3
"498","South_Dakota",2015,586,581,558,3,8,25,5
"499","South_Dakota",2015,586,581,558,3,9,14,5
"500","South_Dakota",2015,586,581,558,3,10,7,3
"501","South_Dakota",2015,586,581,558,3,11,16,6
"502","South_Dakota",2015,586,581,558,3,12,9,1
"503","Tennessee",2015,586,582,571,7,1,70,21
"504","Tennessee",2015,586,582,571,7,2,57,14
"505","Tennessee",2015,586,582,571,7,3,68,20
"506","Tennessee",2015,586,582,571,7,4,66,15
"507","Tennessee",2015,586,582,571,7,5,89,22
"508","Tennessee",2015,586,582,571,7,6,80,20
"509","Tennessee",2015,586,582,571,7,7,74,21
"510","Tennessee",2015,586,582,571,7,8,103,33
"511","Tennessee",2015,586,582,571,7,9,84,24
"512","Tennessee",2015,586,582,571,7,10,86,30
"513","Tennessee",2015,586,582,571,7,11,65,18
"514","Tennessee",2015,586,582,571,7,12,116,25
"515","Texas",2015,466,478,449,64,1,280,74
"516","Texas",2015,466,478,449,64,2,241,47
"517","Texas",2015,466,478,449,64,3,302,72
"518","Texas",2015,466,478,449,64,4,257,68
"519","Texas",2015,466,478,449,64,5,308,81
"520","Texas",2015,466,478,449,64,6,294,84
"521","Texas",2015,466,478,449,64,7,330,75
"522","Texas",2015,466,478,449,64,8,258,81
"523","Texas",2015,466,478,449,64,9,294,64
"524","Texas",2015,466,478,449,64,10,356,74
"525","Texas",2015,466,478,449,64,11,284,51
"526","Texas",2015,466,478,449,64,12,312,71
"527","Utah",2015,579,579,558,5,1,14,1
"528","Utah",2015,579,579,558,5,2,15,4
"529","Utah",2015,579,579,558,5,3,23,5
"530","Utah",2015,579,579,558,5,4,16,4
"531","Utah",2015,579,579,558,5,5,29,6
"532","Utah",2015,579,579,558,5,6,31,6
"533","Utah",2015,579,579,558,5,7,29,3
"534","Utah",2015,579,579,558,5,8,34,6
"535","Utah",2015,579,579,558,5,9,17,3
"536","Utah",2015,579,579,558,5,10,24,3
"537","Utah",2015,579,579,558,5,11,20,3
"538","Utah",2015,579,579,558,5,12,24,0
"539","Vermont",2015,520,520,501,61,1,5,2
"540","Vermont",2015,520,520,501,61,4,4,1
"541","Vermont",2015,520,520,501,61,5,5,2
"542","Vermont",2015,520,520,501,61,6,5,2
"543","Vermont",2015,520,520,501,61,7,9,1
"544","Vermont",2015,520,520,501,61,8,5,1
"545","Vermont",2015,520,520,501,61,9,8,1
"546","Vermont",2015,520,520,501,61,10,5,1
"547","Vermont",2015,520,520,501,61,11,4,2
"548","Vermont",2015,520,520,501,61,12,7,1
"549","Virginia",2015,520,517,498,72,1,41,9
"550","Virginia",2015,520,517,498,72,2,55,23
"551","Virginia",2015,520,517,498,72,3,52,16
"552","Virginia",2015,520,517,498,72,4,59,27
"553","Virginia",2015,520,517,498,72,5,78,27
"554","Virginia",2015,520,517,498,72,6,62,23
"555","Virginia",2015,520,517,498,72,7,61,23
"556","Virginia",2015,520,517,498,72,8,66,22
"557","Virginia",2015,520,517,498,72,9,81,17
"558","Virginia",2015,520,517,498,72,10,63,11
"559","Virginia",2015,520,517,498,72,11,70,10
"560","Virginia",2015,520,517,498,72,12,65,15
"561","Washington",2015,501,506,481,66,1,44,10
"562","Washington",2015,501,506,481,66,2,30,9
"563","Washington",2015,501,506,481,66,3,44,13
"564","Washington",2015,501,506,481,66,4,29,7
"565","Washington",2015,501,506,481,66,5,37,12
"566","Washington",2015,501,506,481,66,6,54,15
"567","Washington",2015,501,506,481,66,7,60,17
"568","Washington",2015,501,506,481,66,8,59,21
"569","Washington",2015,501,506,481,66,9,78,20
"570","Washington",2015,501,506,481,66,10,45,15
"571","Washington",2015,501,506,481,66,11,44,12
"572","Washington",2015,501,506,481,66,12,44,12
"573","West_Virginia",2015,525,511,502,15,1,17,0
"574","West_Virginia",2015,525,511,502,15,2,15,5
"575","West_Virginia",2015,525,511,502,15,3,20,7
"576","West_Virginia",2015,525,511,502,15,4,25,8
"577","West_Virginia",2015,525,511,502,15,5,22,5
"578","West_Virginia",2015,525,511,502,15,6,21,3
"579","West_Virginia",2015,525,511,502,15,7,27,11
"580","West_Virginia",2015,525,511,502,15,8,35,17
"581","West_Virginia",2015,525,511,502,15,9,17,4
"582","West_Virginia",2015,525,511,502,15,10,33,3
"583","West_Virginia",2015,525,511,502,15,11,18,4
"584","West_Virginia",2015,525,511,502,15,12,18,3
"585","Wisconsin",2015,605,618,588,4,1,36,7
"586","Wisconsin",2015,605,618,588,4,2,26,8
"587","Wisconsin",2015,605,618,588,4,3,40,14
"588","Wisconsin",2015,605,618,588,4,4,48,17
"589","Wisconsin",2015,605,618,588,4,5,58,18
"590","Wisconsin",2015,605,618,588,4,6,45,15
"591","Wisconsin",2015,605,618,588,4,7,41,18
"592","Wisconsin",2015,605,618,588,4,8,66,23
"593","Wisconsin",2015,605,618,588,4,9,68,24
"594","Wisconsin",2015,605,618,588,4,10,47,17
"595","Wisconsin",2015,605,618,588,4,11,53,16
"596","Wisconsin",2015,605,618,588,4,12,38,8
"597","Wyoming",2015,603,600,587,3,1,10,3
"598","Wyoming",2015,603,600,587,3,2,4,4
"599","Wyoming",2015,603,600,587,3,3,9,4
"600","Wyoming",2015,603,600,587,3,4,14,5
"601","Wyoming",2015,603,600,587,3,5,13,2
"602","Wyoming",2015,603,600,587,3,6,16,5
"603","Wyoming",2015,603,600,587,3,7,18,5
"604","Wyoming",2015,603,600,587,3,8,22,8
"605","Wyoming",2015,603,600,587,3,9,8,6
"606","Wyoming",2015,603,600,587,3,10,10,6
"607","Wyoming",2015,603,600,587,3,11,14,5
"608","Wyoming",2015,603,600,587,3,12,7,1
